ISSN;Nome;Qualis Novo
0000-0000;Revista do IEEE AmÇrica Latina;
0001-0782;Communications of the ACM;A1
0001-1452;AIAA Journal (Print);B2
0001-253X;ASLIB Proceedings;B3
0001-3765;Anais da Academia Brasileira de Ciàncias (Impresso);B2
0002-9483;American Journal of Physical Anthropology;C
0002-9637;The American Journal of Tropical Medicine and Hygiene;B1
0002-9890;The American Mathematical Monthly;B2
0002-9939;Proceedings of the American Mathematical Society;B2
0003-2700;Analytical Chemistry (Washington);B1
0003-4347;Annales des TÇlÇcommunications;B3
0003-6870;Applied Ergonomics;B2
0003-6935;Applied Optics (Cessou em 1989. Foi desdobrado em tràs: ISSN 1540-8973 Applied Optics. Information P;
0003-6951;Applied Physics Letters;B1
0003-889X;Archiv der Mathematik;B2
0003-9519;Archive for History of Exact Sciences (Print);B4
0003-9861;Archives of Biochemistry and Biophysics (Print);B2
0004-0622;Archivos Latinoamericanos de Nutrici¢n;C
0004-282X;Arquivos de Neuro-Psiquiatria (Impresso);C
0004-3702;Artificial Intelligence;A1
0004-5411;Journal of the Association for Computing Machinery;A1
0005-1098;Automatica (Oxford);A1
0006-3835;BIT Numerical Mathematics;B1
0006-6117;Boletim TÇcnico da Petrobr†s (Impresso) (Cessou em 1998);C
0008-4026;Canadian Journal of Botany (Print) (Cessou em 2007. Cont. ISSN 1916-2790 Botany (Ottawa. Print));
0008-543X;Cancer (Print);B1
0008-6568;Caries Research;B2
0009-6725;Ciància e Cultura;C
0010-4620;Computer Journal;B1
0010-4655;Computer Physics Communications;A1
0010-4825;Computers in Biology and Medicine;B1
0010-485X;Computing (Wien. Print);B1
0012-365X;Discrete Mathematics;A2
0013-0915;Proceedings of the Edinburgh Mathematical Society;
0013-5194;Electronics Letters;A1
0016-7061;Geoderma (Amsterdam);B2
0017-8012;Harvard Business Review;B2
0018-2028;H°rad†stechnika / Journal on Communications, Computers, Convergence, Contents, Companies (English);C
0018-8646;IBM Journal of Research and Development (Cessou em 2008);A1
0018-8670;IBM Systems Journal (Cessou em 2008);A2
0018-9162;Computer (Long Beach);A2
0018-9219;Proceedings of the IEEE;A1
0018-9286;IEEE Transactions on Automatic Control;A1
0018-9294;IEEE Transactions on Biomedical Engineering (Print);A1
0018-9316;IEEE Transactions on Broadcasting;A2
0018-9340;IEEE Transactions on Computers;A1
0018-9359;IEEE Transactions on Education;B1
0018-9383;IEEE Transactions on Electron Devices;A1
0018-9448;IEEE Transactions on Information Theory;A1
0018-9456;IEEE Transactions on Instrumentation and Measurement;A2
0018-9464;IEEE Transactions on Magnetics;B2
0018-9499;IEEE Transactions on Nuclear Science;B2
0018-9529;IEEE Transactions on Reliability;A2
0018-9545;IEEE Transactions on Vehicular Technology;A1
0020-0190;Information Processing Letters;A2
0020-0255;Information Sciences;A1
0020-1685;Inorganic Materials;B4
0020-7160;International Journal of Computer Mathematics;B2
0020-7179;International Journal of Control (Print);A1
0020-7217;International Journal of Electronics;B1
0020-7543;International Journal of Production Research (Print);B1
0021-2172;Israel Journal of Mathematics;B2
0021-8693;Journal of Algebra (Print);B3
0021-8936;Journal of Applied Mechanics;B2
0021-8979;Journal of Applied Physics;B2
0021-9193;Journal of Bacteriology (Print);B2
0021-9258;The Journal of Biological Chemistry (Print);B1
0021-9991;Journal of Computational Physics (Print);A1
0022-0000;Journal of Computer and System Sciences (Print);A2
0022-247X;Journal of Mathematical Analysis and Applications;B2
0022-2488;Journal of Mathematical Physics;B2
0022-2836;Journal of Molecular Biology;B1
0022-3131;Journal of Nuclear Science and Technology;B2
0022-3239;Journal of Optimization Theory and Applications;A2
0022-3611;Journal of Philosophical Logic;B3
0022-4049;Journal of Pure and Applied Algebra (Print);B2
0022-4065;Journal of Quality Technology;B2
0022-5193;Journal of Theoretical Biology;B2
0023-5954;Kybernetika (Praha);C
0024-3795;Linear Algebra and its Applications;B2
0024-6115;Proceedings of the London Mathematical Society (Print);B2
0025-1909;Management Science;B2
0025-5610;Mathematical Programming;A1
0025-5718;Mathematics of Computation;A2
0026-1270;Methods of Information in Medicine;B1
0026-2692;Microelectronics Journal*;B1
0026-2714;Microelectronics Reliability;A2
0026-2714;Microelectronics and Reliability;A2
0027-8424;Proceedings of the National Academy of Sciences of the United States of America;A1
0028-3045;Networks (New York);B1
0029-4527;Notre Dame Journal of Formal Logic;A2
0029-5981;International Journal for Numerical Methods in Engineering;A1
0030-364X;Operations Research;A1
0031-3203;Pattern Recognition;A1
0031-949X;Phytopathology;B2
0033-0337;Program (London. 1966);B3
0033-569X;Quarterly of Applied Mathematics;B2
0034-7167;Revista Brasileira de Enfermagem (Impresso);C
0034-7175;Revista Brasileira de Estat°stica;B5
0034-7299;Revista Brasileira de Otorrinolaringologia (Impresso);B2
0034-7612;Revista de Administraá∆o P£blica (Impresso);C
0034-8910;Revista de Sa£de P£blica (Impresso);C
0037-1998;Semiotica (Berlin);B2
0037-5497;Simulation (San Diego, Calif.);B3
0038-0644;Software, Practice & Experience;A2
0038-0938;Solar Physics;B2
0039-3215;Studia Logica;B2
0039-7857;Synthese (Dordrecht);B2
0041-0101;Toxicon (Oxford);B2
0041-1132;Transfusion (Arlington, Va.);B2
0041-1345;Transplantation Proceedings;B2
0041-1655;Transportation Science;B2
0043-1737;Weed Research (Print);B2
0045-7825;Computer Methods in Applied Mechanics and Engineering;A1
0045-7906;Computers & Electrical Engineering;B2
0045-7930;Computers & Fluids;A2
0045-7949;Computers & Structures;A1
0047-259X;Journal of Multivariate Analysis;B2
0065-2458;Advances in Computers;B3
0066-4286;Annual Review of Phytopathology (Print);B1
0066-782X;Arquivos Brasileiros de Cardiologia (Impresso);C
0074-0276;Mem¢rias do Instituto Oswaldo Cruz (Impresso);B2
0080-6234;Revista da Escola de Enfermagem da USP (Impresso);C
0090-5364;Annals of Statistics;B2
0090-6778;IEEE Transactions on Communications;A1
0091-3286;Optical Engineering (Bellingham. Print);B2
0092-2102;Interfaces (Providence);B2
0092-7872;Communications in Algebra;
0094-2405;Medical Physics (Lancaster);B1
0094-243X;AIP Conference Proceedings;C
0094-5765;Acta Astronautica;B2
0094-9655;Journal of Statistical Computation and Simulation (Print);B1
0095-1137;Journal of Clinical Microbiology (Print);B1
0095-4616;Applied Mathematics and Optimization;B1
0095-8956;Journal of Combinatorial Theory. Series B (Print);B1
0096-3003;Applied Mathematics and Computation;A2
0097-3165;Journal of Combinatorial Theory. Series A (Print);B1
0097-5397;SIAM Journal on Computing;A1
0097-8418;SIGCSE Bulletin (Cessou em 1997. Cont. 1096-3936 SIGCSE Bulletin Inroads);
0097-8493;Computers & Graphics;B1
0097-8930;Computer Graphics (Cessou em 2005);C
0098-1354;Computers & Chemical Engineering;A1
0098-3004;Computers & Geosciences;A2
0098-3063;IEEE Transactions on Consumer Electronics;A2
0098-3500;ACM Transactions on Mathematical Software;A2
0098-5589;IEEE Transactions on Software Engineering;A1
0100-0691;Revista Brasileira de Biblioteconomia e Documentaá∆o (Impresso);C
0100-3984;RB. Radiologia Brasileira (Impresso);C
0100-4042;Qu°mica Nova (Impresso);B2
0100-736X;Pesquisa Veterin†ria Brasileira (Impresso);B3
0100-879X;Brazilian Journal of Medical and Biological Research (Impresso);B2
0101-0964;Revista ANPEC;C
0101-465X;Educaá∆o (PUCRS. Impresso);C
0101-5397;Petro & Qu°mica;C
0101-7136;Inter-aá∆o (UFG. Impresso);C
0101-7330;Educaá∆o & Sociedade (Impresso);C
0101-7438;Pesquisa Operacional;B3
0101-8191;Revista Tecnologia (UNIFOR);C
0101-8205;Computational & Applied Mathematics;
0102-0811;Revista de Matem†tica e Estat°stica (Impresso) (Cessou em 2004. Cont. ISSN 1980-4245 Revista de Mate;
0102-0935;Arquivo Brasileiro de Medicina Veterin†ria e Zootecnia;C
0102-1907;Laranja;C
0102-3098;Revista Brasileira de Estudos de Populaá∆o (Impresso);C
0102-311X;Cadernos de Sa£de P£blica (ENSP. Impresso);C
0102-3209;Educaá∆o Brasileira;C
0102-549X;Boletim TÇcnico do SENAC;C
0102-7352;Vetor (FURG);C
0102-7786;Revista Brasileira de Meteorologia (Impresso);C
0102-9460;Revista Odonto Ciància (PUCRS. Impresso);C
0102-986X;Revista da Sociedade Brasileira de Telecomunicaá‰es;B4
0103-0752;Brazilian Journal of Probability and Statistics;B4
0103-0876;Estudos (UCGO. Impresso);C
0103-1155;H°fen (PUCRS. Impresso);C
0103-1759;SBA. Sociedade Brasileira de Autom†tica;B5
0103-3786;Transinformaá∆o;C
0103-4308;Revista de Inform†tica Te¢rica e Aplicada;B4
0103-4308;Revista de Inform†tica Te¢ricaˇe Aplicada (impresso);B4
0103-6513;Produá∆o (S∆o Paulo. Impresso);C
0103-7501;Logos (Canoas);C
0103-9733;Brazilian Journal of Physics (Impresso);B2
0104-0146;Informaá∆o & Sociedade (UFPB. Impresso);C
0104-1037;Em Aberto;C
0104-1169;Revista Latino-Americana de Enfermagem (USP. Ribeir∆o Preto. Impresso);C
0104-1770;Scientia (UNISINOS);C
0104-270X;Vidya (Santa Maria. Impresso);C
0104-530X;Gest∆o & Produá∆o (UFSCAR. Impresso);C
0104-6500;Journal of the Brazilian Computer Society;B2
0104-6675;O Que nos Faz Pensar (PUCRJ);C
0104-7507;Agora (UNC);C
0104-8368;Revista do Arquivo Publico Mineiro;C
0104-8899;Qu°mica Nova na Escola (Impresso);C
0120-1573;Ciencia Tecnologia y Desarrollo;C
0129-0541;International Journal of Foundations of Computer Science;B2
0129-0657;International Journal of Neural Systems;A1
0129-1831;International Journal of Modern Physics C;B2
0129-6264;Parallel Processing Letters;B2
0138-9130;Scientometrics (Print);A2
0140-0118;Medical & Biological Engineering & Computing;A2
0140-3664;Computer Communications;A2
0140-525X;Behavioral and Brain Sciences (Print);A1
0140-9883;Energy Economics;B1
0141-9331;Microprocessors and Microsystems;B2
0141-9382;Displays (Guildford);B1
0142-0615;International Journal of Electrical Power & Energy Systems;B2
0143-1161;International Journal of Remote Sensing (Print);A2
0143-6244;Building Services Engineering Research & Technology;B3
0144-7815;IAHS-AISH Publication;C
0146-4833;Computer Communication Review;A1
0146-6615;Journal of Medical Virology (Print);B2
0148-0227;Journal of Geophysical Research;B1
0149-1970;Progress in Nuclear Energy (New Series);B2
0160-5682;Journal of the Operational Research Society;B1
0162-8828;IEEE Transactions on Pattern Analysis and Machine Intelligence;A1
0163-4453;The Journal of Infection;B1
0163-5808;SIGMOD Record;A1
0163-5948;Software Engineering Notes;B4
0163-5980;Operating Systems Review;B1
0163-5999;ACM SIGMETRICS Performance Evaluation Review;B1
0163-6804;IEEE Communications Magazine;A1
0164-0925;ACM Transactions on Programming Languages and Systems;A2
0164-1212;Journal of Systems and Software;A2
0165-0114;Fuzzy Sets and Systems;A1
0165-0270;Journal of Neuroscience Methods;B2
0165-1684;Signal Processing;A1
0165-5515;Journal of Information Science;B1
0166-218X;Discrete Applied Mathematics;A2
0166-3615;Computers in Industry;A2
0166-5316;Performance Evaluation;A2
0166-6851;Molecular and Biochemical Parasitology (Print);B2
0167-1987;Soil & Tillage Research;B2
0167-2789;Physica. D, Nonlinear phenomena (Print);B2
0167-4048;Computers & Security;B1
0167-6369;Environmental Monitoring and Assessment (Print);B2
0167-6377;Operations Research Letters;B1
0167-6393;Speech Communication (Print);A2
0167-6423;Science of Computer Programming;B1
0167-6423;Science of Computer Programming (Print);B1
0167-7055;Computer Graphics Forum;A2
0167-7055;Computer Graphics Forum (Print);A2
0167-7152;Statistics & Probability Letters;B2
0167-739X;Future Generation Computer Systems;A2
0167-8191;Parallel Computing;A2
0167-8396;Computer Aided Geometric Design;A2
0167-8655;Pattern Recognition Letters;A1
0167-9236;Decision Support Systems;A1
0167-9260;Integration (Amsterdam);B2
0167-9473;Computational Statistics & Data Analysis;A2
0168-0072;Annals of Pure and Applied Logic;B1
0168-1699;Computers and Electronics in Agriculture;A2
0168-583X;Nuclear Instruments & Methods in Physics Research. Section B, Beam Interactions with Materials and A;B2
0168-9274;Applied Numerical Mathematics;A2
0169-023X;Data & Knowledge Engineering;A2
0169-2070;International Journal of Forecasting;B2
0169-2607;Computer Methods and Programs in Biomedicine;A2
0169-2607;Computer Methods and Programs in Biomedicine (Print);A2
0169-2968;Fundamenta Informaticae;B1
0169-7439;Chemometrics and Intelligent Laboratory Systems (Print);B2
0169-8141;International Journal of Industrial Ergonomics;B2
0170-4214;Mathematical Methods in the Applied Sciences;B1
0177-0667;Engineering with Computers;B1
0178-2770;Distributed Computing;B1
0178-2789;The Visual Computer;B1
0178-4617;Algorithmica;A2
0178-7675;Computational Mechanics;A2
0192-8651;Journal of Computational Chemistry;A1
0195-6663;Appetite (London. Print);B2
0195-6698;European Journal of Combinatorics;B1
0196-2892;IEEE Transactions on Geoscience and Remote Sensing;A1
0196-6774;Journal of Algorithms (Print);A2
0197-6729;Journal of Advanced Transportation;B3
0205-3217;Mathematica Balkanica (SofiÉ);C
0211-2124;Nov†tica;C
0217-9792;International Journal of Modern Physics B;B2
0218-0006;Annals of Combinatorics;B3
0218-0014;International Journal of Pattern Recognition and Artificial Intelligence;B1
0218-1266;Journal of Circuits, Systems, and Computers;B2
0218-1274;International Journal of Bifurcation and Chaos in Applied Sciences and Engineering;B2
0218-1940;International Journal of Software Engineering and Knowledge Engineering;B2
0218-1959;International Journal of Computational Geometry and Applications;B1
0218-1967;International Journal of Algebra and Computation;B2
0218-2130;International Journal of Artificial Intelligence Tools;B3
0218-2157;International Journal of Intelligent and Cooperative Information Systems;B2
0218-4885;International Journal of Uncertainty, Fuzziness and Knowledge-Based Systems;B1
0218-8430;International Journal of Cooperative Information Systems;B1
0219-0249;International Journal of Theoretical and Applied Finance;B4
0219-1377;Knowledge and Information Systems;A2
0219-3116;Knowledge and Information Systems (electronic resource);A2
0219-4678;International Journal of Image and Graphics;B2
0219-5259;Advances in Complex Systems;B2
0219-7200;Journal of Bioinformatics and Computational Biology (Print);B1
0219-7499;International Journal of Quantum Information;B2
0223-5234;European Journal of Medicinal Chemistry;B2
0233-1888;Statistics (Berlin);B3
0233-1934;Optimization;B2
0251-4184;Acta Mathematica Vietnamica;C
0253-6269;Archives of Pharmacal Research (Seoul. Print);C
0254-5330;Annals of Operations Research;A2
0256-6419;The FIEP Bulletin;C
0262-8856;Image and Vision Computing;A1
0263-5747;Robotica (Cambridge. Print);B2
0263-7758;Environment and Planning. D, Society & Space (Print);B2
0264-4401;Engineering Computations;B1
0266-352X;Computers and Geotechnics;B1
0266-4720;Expert Systems (Print);B2
0266-4763;Journal of Applied Statistics;B4
267-6192;Computer Systems Science and Engineering;B3
0268-1102;Information Technology for Development;B3
0268-3768;International Journal, Advanced Manufacturing Technology;B2
0269-2821;Artificial Intelligence Review;B1
0270-6474;The Journal of Neuroscience;B1
0271-2091;International Journal for Numerical Methods in Fluids;A1
0271-4159;Computer Graphics World;B3
0272-1716;IEEE Computer Graphics and Applications;A2
0272-1732;IEEE Micro;A1
0272-4960;IMA Journal of Applied Mathematics;B3
0272-4979;IMA Journal of Numerical Analysis;A2
0276-7783;Management Information Systems Quarterly;A1
0277-6715;Statistics in Medicine (Print);B2
0278-0046;IEEE Transactions on Industrial Electronics (1982. Print);A1
0278-0062;IEEE Transactions on Medical Imaging;A1
0278-0070;IEEE Transactions on Computer-Aided Design of Integrated Circuits and Systems;A1
0278-3649;The International Journal of Robotics Research;A1
0288-3635;New Generation Computing;B2
0295-5075;Europhysics Letters (Print);B2
0301-150X;Electromyography and Clinical Neurophysiology;B2
0301-4851;Molecular Biology Reports;B2
0302-9743;Lecture Notes in Computer Science;C
0303-6812;Journal of Mathematical Biology (Print);B2
0304-3800;Ecological Modelling;B2
0304-3975;Theoretical Computer Science;A1
0304-4289;Pramana (Bangalore);B2
0305-0548;Computers and Operations Research;A1
0305-0548;Computers & Operations Research;A1
0305-1048;Nucleic Acids Research;B1
0306-4379;Information Systems;A2
0306-4573;Information Processing & Management;A2
0307-904X;Applied Mathematical Modelling;A2
0315-5986;INFOR. Information Systems and Operational Research;B2
0323-3847;Biometrical Journal (1977);B2
0324-8569;Control and Cybernetics;B1
0325-7533;Actas de la Academia Nacional de Ciencias de la Rep£blica Argentina;C
0332-1649;Compel (Bradford);B3
0332-7353;Modeling, Identification and Control (Trykt utg.) (Cessou em 2006);
0340-1200;Biological Cybernetics;A1
0350-5596;Informatica (Ljubljana);B5
0360-0300;ACM Computing Surveys;A1
0360-1315;Computers & Education;A1
0360-3199;International Journal of Hydrogen Energy;B1
0360-8352;Computers & Industrial Engineering;A2
0361-0918;Communications in Statistics. Simulation and Computation;B4
0361-0926;Communications in Statistics. Theory and Methods;
0362-1340;ACM/SIGPLAN Notices;
0362-546X;Nonlinear Analysis;B2
0362-5915;ACM Transactions on Database Systems;A2
0363-0129;SIAM Journal on Control and Optimization;A2
0364-765X;Mathematics of Operations Research;
0364-9024;Journal of Graph Theory;B1
0368-492X;Kybernetes;B2
0373-2703;Zapiski Naucnyh Seminarov Leningradskogo OtdeleniÉ ordena Lenina Matematiceskogo Instituta im. V.A.;C
0374-3535;Journal of Elasticity;B2
0375-9601;Physics Letters. A (Print);B1
0375-9687;Progress of Theoretical Physics. Supplement;B2
0377-0257;Journal of Non-Newtonian Fluid Mechanics (Print);B2
0377-0427;Journal of Computational and Applied Mathematics;A2
0377-2217;European Journal of Operational Research;A1
0378-1097;FEMS Microbiology Letters;B1
0378-1119;Gene (Amsterdam);B2
0378-3758;Journal of Statistical Planning and Inference;B2
0378-3839;Coastal Engineering;B2
0378-4371;Physica. A (Print);B2
0378-4754;Mathematics and Computers in Simulation;B1
0378-7206;Information & Management (Amsterdam);A1
0378-7796;Electric Power Systems Research (Print);B2
0378-8741;Journal of Ethnopharmacology;B1
0379-0738;Forensic Science International;B2
0381-7032;Ars Combinatoria;B2
0384-9864;Congressus Numerantium;C
0399-0559;RAIRO. Operations Research;B3
0716-8756;Informaci¢n Tecnol¢gica (Impresa);C
0717-3458;Electronic Journal of Biotechnology;B2
0717-5000;CLEI Electronic Journal;B5
0718-3305;Ingeniare. Revista Chilena de Ingenier°a (En l°nea);C
0721-7714;Plant Cell Reports (Print);B1
0730-0301;ACM Transactions on Graphics;A1
0730-9295;Information Technology and Libraries;B2
0733-8716;IEEE Journal on Selected Areas in Communications;A1
0733-8724;Journal of Lightwave Technology (Print);B1
0734-2071;ACM Transactions on Computer Systems;A2
0736-2994;Stochastic Analysis and Applications (Print);B4
0736-5845;Robotics and Computer-Integrated Manufacturing;A2
0738-4602;The AI Magazine;A2
0739-0572;Journal of Atmospheric and Oceanic Technology;B2
0739-5175;IEEE Engineering in Medicine and Biology Magazine;B2
0740-3232;Journal of the Optical Society of America. A, Optics and Image Science (Cessou em 1993. Cont. ISSN 1;
0740-7459;IEEE Software;A1
0740-7475;IEEE Design and Test of Computers;A2
0742-1222;Journal of Management Information Systems;A1
0742-4787;Journal of Tribology;B4
0743-7315;Journal of Parallel and Distributed Computing;A2
0747-5632;Computers in Human Behavior;A2
0747-7171;Journal of Symbolic Computation;B1
0747-9360;Design Issues;B4
0748-3007;Cladistics (Westport. Print);B1
0749-0208;Journal of Coastal Research;B3
0835-3026;JCMCC. Journal of Combinatorial Mathematics and Combinatorial Computing;B4
0840-8688;Canadian Journal of Electrical and Computer Engineering;B3
860-8229;Metrologia i Systemy Pomiarowe / Metrology and Measuring Systems;B4
0874-5161;Investigaá∆o Operacional;B4
0883-9514;Applied Artificial Intelligence;B1
0884-6812;Analytical and Quantitative Cytology and Histology;B2
0884-8173;International Journal of Intelligent Systems;B1
0885-064X;Journal of Complexity (Print);B1
0885-2308;Computer Speech & Language;B1
0885-6087;Hydrological Processes (Print);B2
0885-7458;International Journal of Parallel Programming;B2
0885-8950;IEEE Transactions on Power Systems;B1
0885-8977;IEEE Transactions on Power Delivery;B2
0885-8993;IEEE Transactions on Power Electronics;B1
0886-9383;Journal of Chemometrics (Print);B2
0887-3801;Journal of Computing in Civil Engineering;B1
0887-4417;The Journal of Computer Information Systems;B1
0888-613X;International Journal of Approximate Reasoning;A2
0889-5406;American Journal of Orthodontics and Dentofacial Orthopedics;C
0890-0604;Artificial Intelligence for Engineering Design, Analysis and Manufacturing;B1
0890-5401;Information and Computation (Print);A2
0890-8044;IEEE Network;A1
0891-2017;Computational Linguistics (Print);A1
0893-6080;Neural Networks;A1
0894-0282;Molecular Plant-Microbe Interactions;B1
0894-4393;Social Science Computer Review;B2
0895-4801;SIAM Journal on Discrete Mathematics;B1
0895-6111;Computerized Medical Imaging and Graphics;B1
0895-7177;Mathematical and Computer Modelling;A2
0897-1889;Journal of Digital Imaging;B1
0897-3962;The Journal of Integral Equations and Applications;B5
0898-1221;Computers & Mathematics with Applications (1987);A2
0899-7667;Neural Computation;A1
0899-9457;International Journal of Imaging Systems and Technology (Print);B2
0907-0877;Cybernetics & Human Knowing;C
0911-0119;Graphs and Combinatorics;B2
0916-8508;IEICE Transactions on Fundamentals of Electronics, Communications and Computer Science;B1
0916-8524;IEICE Transactions on Electronics;B1
0916-8532;IEICE Transactions on Information and Systems;B1
0918-6654;Computational Fluid Dynamics Journal;B3
0918-7960;Anthropological Science;B3
0920-4105;Journal of Petroleum Science & Engineering;B2
0920-5489;Computer Standards & Interfaces;B1
0920-5691;International Journal of Computer Vision;A1
0920-8542;Journal of Supercomputing;B3
0921-0296;Journal of Intelligent & Robotic Systems;B1
0921-4526;Physica. B, Condensed Matter (Print);B2
0921-7126;AI Communications;B2
0921-8890;Robotics and Autonomous Systems;A2
0922-5773;Journal of VLSI Signal Processing;
0922-6443;Real-Time Systems;
0922-6567;Machine Translation;B1
0923-6082;Multidimensional Systems and Signal Processing;B2
0923-8174;Journal of Electronic Testing;B2
0924-0136;Journal of Materials Processing Technology;B2
0924-669X;Applied Intelligence (Boston);B1
0924-9907;Journal of Mathematical Imaging and Vision;B1
0925-1030;Analog Integrated Circuits and Signal Processing;B1
0925-2312;Neurocomputing (Amsterdam);A1
0925-4005;Sensors and Actuators. B, Chemical;B1
0925-5001;Journal of Global Optimization;A2
0925-5273;International Journal of Production Economics;B2
0925-8531;Journal of Logic, Language and Information;B2
0925-9724;Computer Supported Cooperative Work;B3
0925-9856;Formal Methods in System Design;A2
0925-9902;Journal of Intelligent Information Systems;B1
0926-6003;Computational Optimization and Applications;A2
0926-6410;Cognitive Brain Research (Cessou em 2005);A1
0926-6801;Journal of High Speed Networks;B3
0926-8782;Distributed and Parallel Databases;B1
0926-9630;Studies in Health Technology and Informatics;B2
0927-6947;Set-Valued Analysis;B2
0927-7099;Computational Economics;B3
0928-0707;Journal of Sol-Gel Science and Technology;B2
0928-1045;Journal of Computer-Aided Materials Design;B1
0928-4869;Simulation Practice and Theory;
0928-8910;Automated Software Engineering;B2
0929-5585;Design Automation for Embedded Systems;B2
0929-5593;Autonomous Robots;A1
0929-6212;Wireless Personal Communications;B3
0929-8215;Journal of New Music Research;B3
0932-5026;Statistical Papers (1988);B3
0932-8092;Machine Vision and Applications;B1
0933-3657;Artificial Intelligence in Medicine;A2
0934-5043;Formal Aspects of Computing;A2
0935-1175;Continuum Mechanics and Thermodynamics (Print);B3
0937-6429;Wirtschaftsinformatik;C
0939-5075;Zeitschrift fÅr Naturforschung. C, A Journal of Biosciences;B2
0941-0643;Neural Computing & Applications (Print);B2
0942-4962;Multimedia Systems;A2
0943-4062;Computational Statistics (Zeitschrift);B2
0944-6532;Journal of Convex Analysis;B1
0947-3580;European Journal of Control;B2
0947-3602;Requirements Engineering (London);B1
0948-5023;Journal of Molecular Modeling (Online);B2
0948-695X;Journal of Universal Computer Science;B1
0948-6968;Journal of Universal Computer Science (Online);B1
0948-7921;Electrical Engineering (Berlin. Print);B3
0950-0618;Construction & Building Materials;B2
0950-4230;Journal of Loss Prevention in the Process Industries;B2
0950-5849;Information and Software Technology;A2
0950-7051;Knowledge-Based Systems;B1
950-7116;Welding International;B3
0951-192X;International Journal of Computer Integrated Manufacturing;B1
0951-8320;Reliability Engineering & Systems Safety;B2
0952-1976;Engineering Applications of Artificial Intelligence;A2
0952-813X;Journal of Experimental and Theoretical Artificial Intelligence;B2
0953-5438;Interacting with Computers;B1
0954-898X;Network (Bristol. Print);B1
0955-792X;Journal of Logic and Computation;B1
0957-4158;Mechatronics (Oxford);A2
0957-4174;Expert Systems with Applications;A1
0959-6518;Proceedings of the Institution of Mechanical Engineers. Part I, Journal of Systems and Control Engin;B2
0959-6526;Journal of Cleaner Production;B2
0959-8324;Microelectronics Journal;B1
0960-0779;Chaos, Solitons and Fractals;B1
0960-0833;Software Testing, Verification and Reliability;B1
0963-5483;Combinatorics, Probability & Computing;
0963-8687;Journal of Strategic Information Systems;A1
0963-9314;Software Quality Journal;B2
0964-5691;Ocean & Coastal Management;B2
0964-8305;International Biodeterioration & Biodegradation;B2
0965-9978;Advances in Engineering Software;B1
0967-0645;Deep-Sea Research. Part 2. Tropical Studies in Oceanography;B1
0967-0661;Control Engineering Practice;A2
0967-3334;Physiological Measurement (Print);B2
0968-090X;Transportation Research. Part C, Emerging Technologies;B2
0968-5227;Information Management & Computer Security;B2
0969-1170;International Journal of Engineering Intelligent Systems for Electrical Engineering and Communicatio;
0969-6016;International Transactions in Operational Research;B4
0969-6997;Journal of Air Transport Management;B2
0970-1249;Journal of the Ramanujan Mathematical Society;B3
0970-647X;CSI Communications;C
0970-9819;International Journal of Translation;C
0972-0871;Far East Journal of Mathematical Sciences: FJMS;B5
0972-415X;JP Journal of Geometry and Topology;B4
0972-7272;Journal of Digital Information Management;B5
0972-9038;International Journal of Computer Science and Applications (Online);B5
0972-9976;International Journal of Tomography & Statistics;B5
0973-2063;Bioinformation (Online) (Chennai);C
0974-696X;International Journal of Computing and Information Technology;B5
0975-4660;International Journal of Computer Science and Information Technology (Print);B5
0975-816X;International Journal of Soft Computing and Bioinformatics;B5
0988-3754;RAIRO. Informatique ThÇorique et Applications;B2
0992-499X;Revue d'Intelligence Artificielle;B5
1000-9000;Journal of Computer Science and Technology;B2
1009-0630;Plasma Science & Technology;B4
1009-2757;Science in China. Series F, Information Sciences;B5
1012-2443;Annals of Mathematics and Artificial Intelligence;B1
1016-2364;Journal of Information Science and Engineering;B2
1017-1398;Numerical Algorithms;B1
1017-9909;Journal of Electronic Imaging (Springfield);A2
1018-4864;Telecommunication Systems;B1
1022-0038;Wireless Networks;A1
1022-7091;Annals of Software Engineering;A2
1024-123X;Mathematical Problems in Engineering (Print);B3
1025-5842;Computer Methods in Biomechanics and Biomedical Engineering;B1
1027-5207;EURODL (Oslo);C
1029-4937;Optimization Methods and Software (Online);B1
1029-4945;Optimization (Online);B2
1041-1135;IEEE Photonics Technology Letters;B1
1041-4347;IEEE Transactions on Knowledge and Data Engineering;A1
1042-296X;IEEE Transactions on Robotics and Automation;A1
1042-9832;Random Structures & Algorithms;B1
1044-789X;Dr. Dobb's Journal (1989);B5
1045-9219;IEEE Transactions on Parallel and Distributed Systems;A1
1045-9227;IEEE Transactions on Neural Networks;A1
1045-926X;Journal of Visual Languages and Computing;B1
1046-8188;ACM Transactions on Information Systems;A2
1047-3203;Journal of Visual Communication and Image Representation (Print);B1
1048-5252;Journal of Nonparametric Statistics;B3
1049-331X;ACM Transactions on Software Engineering and Methodology;A2
1050-2947;Physical Review. A;B2
1051-2004;Digital Signal Processing*;B1
1051-8215;IEEE Transactions on Circuits and Systems for Video Technology (Print);A1
1052-6234;SIAM Journal on Optimization;A1
1053-587X;IEEE Transactions on Signal Processing;A1
1053-5888;IEEE Signal Processing Magazine;A1
1054-1500;Chaos (Woodbury);B2
1054-660X;Laser Physics;B2
1054-6618;Pattern Recognition and Image Analysis;B3
1054-7460;Presence (Cambridge, Mass.);B2
1055-4181;Technology and Disability;B2
1055-6788;Optimization Methods & Software;B1
1055-7148;International Journal of Network Management (Print);B3
1057-7149;IEEE Transactions on Image Processing;A1
1058-0530;Information Systems Management;B1
1058-6180;IEEE Annals of the History of Computing;B3
1058-6458;Experimental Mathematics;B2
1058-8388;Developmental Dynamics;B2
1059-7123;Adaptive Behavior;B1
1061-3773;Computer Applications in Engineering Education;B3
1061-8562;International Journal of Computational Fluid Dynamics;B2
1062-936X;SAR and QSAR in Environmental Research (Print);B2
1063-293X;Concurrent Engineering, Research and Applications;B3
1063-6560;Evolutionary Computation;A1
1063-6692;IEEE/ACM Transactions on Networking;A1
1063-6706;IEEE Transactions on Fuzzy Systems;A1
1063-8210;IEEE Transactions on Very Large Scale Integration (VLSI) Systems (Print);A1
1064-1246;Journal of Intelligent & Fuzzy Systems;B2
1064-2307;Journal of Computer & Systems Sciences International;B3
1064-5462;Artificial Life;A2
064-7570;Journal of Network and Systems Management;B3
1064-8275;SIAM Journal on Scientific Computing;A1
1066-2243;Internet Research;B1
1066-5277;Journal of Computational Biology;A1
1066-8888;The VLDB Journal;A2
1067-5027;Journal of the American Medical Informatics Association;A1
1067-5817;Journal of Applied Statistical Science;B5
1068-9605;International Journal of Wireless Information Networks;B2
1069-2509;Integrated Computer-Aided Engineering;A2
1069-8299;Communications in Numerical Methods in Engineering;B1
1070-5325;Numerical Linear Algebra with Applications;A2
1070-664X;Physics of Plasmas;B2
1070-986X;IEEE Multimedia;A2
1070-9878;IEEE Transactions on Dielectrics and Electrical Insulation;B2
1070-9908;IEEE Signal Processing Letters;A1
1072-3374;Journal of Mathematical Sciences (New York, N.Y.);B3
1072-5520;Interactions (New York, N.Y.);B2
1072-6691;Electronic Journal of Differential Equations;B2
1074-5351;International Journal of Communication Systems;B3
1076-6332;Academic Radiology;B2
1076-9757;The Journal of Artificial Intelligence Research (Print);A1
1077-2014;Real-Time Imaging;A2
1077-2626;IEEE Transactions on Visualization and Computer Graphics;A1
1077-3142;Computer Vision and Image Understanding;A1
1077-4866;Software Process Improvement and Practice;B2
1077-8926;The Electronic Journal of Combinatorics;B2
1078-0432;Clinical Cancer Research (Print);B1
1078-3466;International Journal of Power & Energy Systems;B4
1078-9669;HVAC & R Research;B2
1079-8587;Intelligent Automation and Soft Computing;B3
1079-8986;The Bulletin of Symbolic Logic;B1
1081-3810;The Electronic Journal of Linear Algebra;B3
1083-4419;IEEE Transactions on Systems, Man and Cybernetics. Part B, Cybernetics;A1
1083-4427;IEEE Transactions on Systems, Man and Cybernetics. Part A, Systems and Humans;A1
1084-4309;ACM Transactions on Design Automation of Electronic Systems;B2
1084-6654;ACM Journal of Experimental Algorithmics;B3
1084-7529;Journal of the Optical Society of America. A, Optics, Image Science, and Vision;A2
1084-8045;Journal of Network and Computer Applications;B1
1085-1038;OR/MS Today (Baltimore);C
1085-9195;Cell Biochemistry and Biophysics;B1
1086-4415;International Journal of Electronic Commerce;A2
1086-6655;Mathematical Physics Electronic Journal;C
1087-6553;Cybernetics And Systems (Online);B2
1088-467X;Intelligent Data Analysis (Print);B4
1088-6826;Proceedings of the American Mathematical Society (Online);B2
1088-6842;Mathematics of computation (Online);A2
1088-9051;Genome Research;B1
1089-7682;Chaos (Woodbury, N.Y. Online);B2
1089-7771;IEEE Transactions on Information Technology in Biomedicine;A2
1089-778X;IEEE Transactions on Evolutionary Computation;A1
1089-7798;IEEE Communications Letters;A1
1089-7801;IEEE Internet Computing;A1
1090-235X;Computer Vision and Image Understanding (Online);A1
1090-2651;Information and Computation (Online);A2
1090-2678;Journal of Algorithms (Online);A2
1090-2708;Journal of Complexity (Online);B1
1090-2716;Journal of Computational Physics (Online);A1
1090-2724;Journal of Computer and System Sciences (Online);A2
1091-9856;INFORMS Journal on Computing;A2
1092-0277;North American Actuarial Journal;B3
1092-8529;CNS Spectrums;B2
1093-3263;Journal of Molecular Graphics & Modelling;A2
1094-3420;International Journal of High Performance Computing Applications;B1
1094-4087;Optics Express;B1
1094-6136;Journal of Scheduling;B1
1094-6977;IEEE Transactions on Systems, Man and Cybernetics. Part C, Applications and Reviews;A2
1095-4333;Digital Signal Processing (Online);B1
1095-7111;SIAM journal on computing (Online);A1
1095-7138;SIAM journal on control and optimization (Online);A2
1095-7146;SIAM journal on discrete mathematics (Online);B1
1095-7170;SIAM Journal on Numerical Analysis (Online);A1
1095-7189;SIAM journal on optimization (Online);A1
1095-7197;SIAM Journal on Scientific Computing (Online);A1
1095-7243;Journal of Multivariate Analysis (Online);B2
1095-8363;Computer Speech & Language (Online);B1
1095-8533;Journal of Visual Languages and Computing (Online);B1
1095-855X;Journal of Symbolic Computation (Online);B1
1095-8592;Journal of Network and Computer Applications (Online);B1
1095-9300;International Journal of Human-Computer Studies (Online);A1
1095-9971;European Journal of Combinatorics (Online);B1
1096-0813;Journal of Mathematical Analysis and Applications (Online);B2
1096-0848;Journal of Parallel and Distributed Computing (Online);A2
1096-116X;Real-time imaging (Online);A2
1096-3936;SIGCSE Bulletin Inroads;B4
1096-9128;Concurrency: Practice & Experience;A2
1097-0037;Networks (New York, N.Y. Online);B1
1097-0118;Journal of Graph Theory (Online);B1
1097-0207;International Journal for Numerical Methods in Engineering (Online);A1
1097-024X;Software, practice and experience (Online);A2
1097-0363;International Journal for Numerical Methods in Fluids (Online);A1
1097-4628;Journal of Applied Polymer Science (Online);B1
1097-8526;Latin American Business Review (Binghamton, N.Y.);C
1098-111X;International Journal of Intelligent Systems (Online);B1
1098-612X;Journal of Feline Medicine and Surgery;B2
1099-047X;International Journal of RF and Microwave Computer-Aided Engineering (Online);B1
1099-1131;International Journal of Communication Systems (Online);B3
1099-1190;International Journal of Network Management (Online);B3
1099-1476;Mathematical methods in the applied sciences (Online);B1
1099-1670;Software Process Improvement and Practice (Online);B2
1099-1689;Software testing, verification & reliability (Online);B1
1109-2750;WSEAS Transactions on Computers;C
1110-8657;EURASIP Journal on Applied Signal Processing;
1120-1770;Italian Journal of Food Sciences;C
1126-6708;The Journal of High Energy Physics;B1
1134-3060;Archives of Computational Methods in Engineering;A1
1134-5632;Mathware & Soft Computing;B3
1135-1349;Sorites (Madrid);C
1137-3601;Inteligencia Artificial;B3
1166-3081;Journal of Applied Non-Classical Logics;B2
1180-4009;EnvironMetrics (London. Ont.);B2
1201-3390;Dynamics of Continuous, Discrete and Impulsive System;B4
1206-212X;International Journal of Computers & Applications;B4
1210-0552;Neural Network World (Prague);B3
1226-119X;Korea-Australia Rheology Journal;B2
1226-3192;Journal of the Korean Statistical Society;B4
1229-2370;Journal of Communications and Networks (Seoul. Print);B2
1229-425X;Journal of Electronics and Computer Science - Kawandong University;B4
1246-0125;Journal of Decision Systems;B5
1265-1397;Genie Logiciel;B5
1296-2074;Journal of Cultural Heritage;B2
1303-2968;Journal of Sports Science and Medicine;B3
1304-2386;International Journal of Computational Intelligence;B5
1307-5179;International Journal of Electrical, Computer, and Systems Engineering;B5
1311-1728;International Journal of Applied Mathematics;B3
1311-6789;International Journal of Computational and Numerical Analysis and Applications;B5
1311-8080;International Journal of Pure and Applied Mathematics;B5
1335-9150;Computing and Informatics;B3
1338-1237;Information Sciences and Technologies - Bulletin of the ACM Slovakia;B5
1348-9151;Pacific Journal of Optimization;B3
1349-4198;International Journal of Innovative Computing, Information & Control;A2
1349-8169;Pacific journal of optimization (Online);B3
1350-2360;IEE Proceedings. Generation, Transmission & Distribution (Cessou em 2006. Cont. ISSN 1751-8687 IET G;
1350-2425;IEE Proceedings. Communications;
1350-4533;Medical Engineering & Physics;B2
1350-911X;Electronics Letters (Online);A1
1352-8505;Environmental and Ecological Statistics;B2
1353-4505;International Journal for Quality in Health Care;B2
1359-4311;Applied Thermal Engineering;B2
1359-7019;IEE Proceedings. Communications (Online);B3
1359-7027;IEE Proceedings. Computers And Digital Techniques (Online) (Cessou em 2006. Cont. ISSN 1751-861X IET;
1360-0494;Connection Science (Online);B1
1361-1682;Transactions in GIS (Print);B2
1361-4568;New Review of Hypermedia and Multimedia;B3
1361-6536;Network (Bristol. Online);B1
1361-8415;Medical Image Analysis (Print);A1
1362-3001;Behaviour & Information Technology (Online);B1
1362-3052;International Journal of Computer Integrated Manufacturing (Online);B1
1362-3060;International Journal of Electronics (Online);B1
1362-3079;Journal of Experimental and Theoretical Artificial Intelligence (Online);B2
1362-4962;Nucleic Acids Research (Online);B1
1363-2078;Engineering Intelligent Systems: for electrical engineering and communications;B3
1364-503X;Philosophical Transactions - Royal Society. Mathematical, Physical and Engineering Sciences (Print);B2
1364-8152;Environmental Modelling & Software;A1
1365-8050;Discrete Mathematics and Theoretical Computer Science (Online);B2
1365-8816;International Journal of Geographical Information Science (Print);A2
1365-8824;International Journal of Geographical Information Science (Online);A2
1367-0751;Logic Journal of the IGPL;B3
1367-2630;New Journal of Physics;B1
1367-4803;Bioinformatics (Oxford);A1
1367-4811;Bioinformatics (Oxford. Online);A1
1367-5788;Annual Reviews in Control;B2
1368-2148;International Journal of Manufacturing Technology and Management;B3
1368-9894;Logic Journal of the IGPL (Online);B3
1369-5274;Current Opinion in Microbiology;B1
1370-4621;Neural Processing Letters;B1
1380-7501;Multimedia Tools and Applications;B2
1380-7870;Lifetime Data Analysis;B3
1381-1231;Journal of Heuristics;A2
1381-6128;Current Pharmaceutical Design (Print);B1
1382-3256;Empirical Software Engineering;A2
1382-6905;Journal of Combinatorial Optimization;B1
1383-469X;Journal on Special Topics in Mobile Networks and Applications;B2
1383-5416;International Journal of Applied Electromagnetics and Mechanics;B3
1383-7133;Constraints (Dordrecht);B1
1383-7621;Journal of Systems Architecture;B1
1384-5810;Data Mining and Knowledge Discovery;A2
1384-6175;Geoinformatica (Dordrecht);B1
1385-951X;Information Technology and Management;B1
1386-145X;World Wide Web (Bussum);B1
1386-4564;Information Retrieval (Boston);B1
1386-5056;International Journal of Medical Informatics;A2
1386-6532;Journal of Clinical Virology;B1
1386-7857;Cluster Computing;B2
1387-2532;Autonomous Agents and Multi-Agent Systems;A2
1387-3326;Information Systems Frontiers (Print);B1
1387-3954;Mathematical and Computer Modelling of Dynamical Systems;B3
1387-974X;Photonic Network Communications;B2
1389-1286;Computer Networks;A1
1389-1286;Computer Networks (1999);A1
1389-2037;Current Protein and Peptide Science;B2
1389-2576;Genetic Programming and Evolvable Machines (Print);B1
1389-6911;ICGA Journal;B1
1392-124X;InformacinÇs Technologijos ir Valdymas;C
1396-0466;First Monday (Online);B2
1405-1435;Convergenc°a (Toluca);C
1413-0580;Estudos Sociedade e Agricultura (UFRJ);C
1413-4438;Revista de Psican†lise da Sociedade Psicanal°tica de Porto Alegre;C
1413-4853;Boletim de Ciàncias GeodÇsicas (Impresso);C
1413-6538;Revista Brasileira de Educaá∆o Especial;C
1413-8557;Psicologia Escolar e Educacional (Impresso);C
1414-3895;Educaá∆o Gr†fica (UNESP. Bauru);C
1414-3984;Engenharia na Agricultura;C
1414-5685;Revista Brasileira de Inform†tica na Educaá∆o;B3
1415-2061;Revista do CCEI;B5
1415-4757;Genetics and Molecular Biology (Impresso);B3
1415-5400;Revista Brasileira de Ciàncias Criminais;C
1415-7713;Transportes (Rio de Janeiro);C
1415-8892;T & N Petr¢leo;C
1420-0597;Computational Geosciences (Amsterdam);B1
1420-8938;Archiv der Mathematik (Electronic ed.);B2
1420-8954;Computational Complexity (Electronic ed.);B2
1424-8220;Sensors (Basel);A2
1432-010X;Requirements engineering (London. Online);B1
1432-0444;Discrete and Computational Geometry (Internet);B1
1432-0452;Distributed Computing (Internet);B1
1432-0525;Acta Informatica (Internet);B1
1432-0541;Algorithmica (New York. Internet);A2
1432-0622;Applicable algebra in engineering, communication and computing (Internet);B2
1432-0770;Biological Cybernetics (Internet);A1
1432-0924;Computational Mechanics (Berlin. Internet);A2
1432-1378;Journal of Cryptology (Internet);A2
1432-1769;Machine Vision and Applications (Internet);B1
1432-1882;Multimedia systems (Internet);A2
1432-2315;The visual computer (Internet);B1
1432-2994;Mathematical Methods of Operations Research (Heidelberg);B2
1432-4350;Theory of Computing Systems;B2
1432-5012;International Journal on Digital Libraries;B3
1433-2779;International Journal on Software Tools for Technology Transfer;B2
1433-2787;International Journal on Software Tools for Technology Transfer (Internet);B2
1433-2833;International Journal on Document Analysis and Recognition;B1
1433-299X;Formal Aspects of Computing (Internet);A2
1433-3058;Neural computing & applications (Internet);B2
1433-7479;Soft computing (Berlin. Internet);B1
1433-7541;Pattern Analysis and Applications;B1
1433-755X;Pattern analysis & applications (Internet);B1
1433-8157;Journal for Geometry and Graphics;B3
1434-6028;The European Physical Journal. B, Condensed Matter Physics (Print);B2
1434-8411;AEU. International Journal of Electronics and Communications (Print);B3
1435-5663;Engineering with Computers (Internet);B1
1436-3240;Stochastic Environmental Research and Risk Assessment (Print);B2
1436-5057;Computing (Wien. Internet);B1
1438-0625;Learning Technology Newsletter;B5
1443-458X;Journal of Research and Practice in Information Technology;B3
1447-9524;International Journal of Knowledge, Culture and Change Management;B5
1448-5869;International Journal of Hybrid Intelligent Systems;B3
1450-216X;European Journal of Scientific Research;B4
1452-8630;Applicable Analysis and Discrete Mathematics;B2
1460-2067;Computer Journal (Online);B1
1460-7425;JASSS (Guildford);B2
1462-4613;International Journal of Advanced Media and Communication;B4
1463-7154;Business Process Management Journal;B3
1463-9831;IEE Proceedings. Software (Online) (Cessou em 2006. Cont. ISSN 1751-8814 IET Software (Online));
1464-3839;Proceedings of the Edinburgh Mathematical Society (Online);B3
1464-5238;Medical informatics and the internet in medicine (Online);
1464-5319;International Journal of Systems Science (Online);A2
1465-1211;The Journal of Risk;B2
1465-1734;Journal of Hydroinformatics (Online);B3
1465-363X;Journal of Logic and Computation (Online);B1
1466-4437;Journal of Information Technology (Online);B1
1466-6650;International Journal of Global Environmental Issues;B5
1466-8297;International Journal of Risk Assessment and Management;C
1467-8640;Computational Intelligence (Online);B1
1467-8659;Computer Graphics Forum (Online);A2
1467-8667;Computer-Aided Civil And Infrastructure Engineering (Online);B1
1468-0394;Expert Systems (Online);B2
1468-4535;Online information review (Online);B2
1469-0268;International Journal on Computational Intelligence and Applications;B5
1469-1760;Artificial Intelligence for Engineering Design, Analysis and Manufacturing (Online);B1
1469-7653;Journal of Functional Programming (Online);B1
1469-7688;Quantitative Finance (Print);B3
1469-8005;Knowledge Engineering Review (Online);B1
1469-8072;Mathematical structures in computer science (Online);B2
1470-9503;International Journal of Networking and Virtual Organisations;B3
1471-0684;Theory and Practice of Logic Programming;B1
1471-2105;BMC Bioinformatics;A1
1471-2164;BMC Genomics;B1
1471-2180;BMC Microbiology (Online);B2
1471-2229;BMC Plant Biology (Online);B2
1471-678X;IMA Journal of Management Mathematics (Print);B3
1472-8915;Engineering Intelligent Systems;B3
1473-8716;Information Visualization (Print);B1
1474-0346;Advanced Engineering Informatics;B1
1474-7596;Genome Biology (Cessou em 2005);B1
1475-3081;Theory and practice of logic programming (Online);B1
1475-925X;Biomedical Engineering Online (Online);B2
1476-072X;International Journal of Health Geographics;B2
1476-1289;International Journal of Web Engineering and Technology;B2
1476-9271;Computational Biology and Chemistry (Print);A2
1476-9344;European Journal of Information Systems (Online);B1
1477-5956;Proteome Science;B3
1477-8394;International Journal of Web Based Communities (Print);B3
1477-8424;Computer Languages, Systems & Structures;B3
1478-5951;The International Journal of Medical Robotics and Computer Assisted Surgery (Print);B2
1479-439X;Electronic Journal of e-Government;B2
1514-6774;SADIO Electronic Journal of Informatics and Operations Research;B5
1516-0025;Traáos (UNAMA);C
1516-2338;Telecomunicaá‰es (Santa Rita do Sapuca°);C
1516-3598;Revista Brasileira de Zootecnia / Brazilian Journal of Animal Science;C
1516-4071;Revista Cient°fica do Centro Universit†rio de Barra Mansa;C
1516-4446;Revista Brasileira de Psiquiatria (S∆o Paulo. 1999. Impresso);B2
1516-697X;IP (Belo Horizonte);B5
1516-7399;Journal of Microwaves and Optoelectronics;B3
1516-7798;Revista de Iniciaá∆o Cient°fica (USP );C
1516-8913;Brazilian Archives of Biology and Technology (Impresso);C
1517-1779;Universidade e Sociedade (Bras°lia);C
1517-199X;Movendo IdÇias (UNAMA);C
1517-3151;Revista Brasileira de Engenharia BiomÇdica (Impresso);B4
1517-3801;Datagramazero (Rio de Janeiro);C
1517-3860;Inteligància Empresarial (UFRJ);C
1517-4522;Sociologias (UFRGS. Impresso);C
1517-8048;Revista Tecnol¢gica (UEM);C
1517-8382;Brazilian Journal of Microbiology;C
1517-9702;Educaá∆o e Pesquisa (USP. Impresso);C
1518-0360;∂mbito Jur°dico;C
1518-160X;Boletim da SOBRAPO;B5
1518-2630;Revista da ABEM;C
1518-2924;Encontros Bibli;C
1518-6776;RAM. Revista de Administraá∆o Mackenzie (Impresso);C
1518-8043;Revista Liberato (Novo Hamburgo);C
1519-132X;Cadernos de Inform†tica (UFRGS);C
1519-3640;Di†logo (Canoas);C
1519-7859;Aá∆o Ergonìmica;C
1519-8219;Revista Eletrìnica de Iniciaá∆o Cient°fica;B5
1519-9886;Varia Scientia (UNIOESTE);C
1520-9202;IT Professional;B2
1520-9210;IEEE Transactions on Multimedia;A1
1521-9615;Computing in Science & Engineering (Print);B1
1523-2867;ACM SIGPLAN Notices;B1
1524-0703;Graphical Models;B2
1526-5471;Mathematics of operations research (Online);A2
1526-5528;INFORMS Journal on Computing (Online);A2
1530-8669;Wireless Communications and Mobile Computing (Print);B1
1530-8677;Wireless communications and mobile computing (Online);B1
1530-888X;Neural computation (Online);A1
1530-9185;Artificial Life (Online);A2
1530-9304;Evolutionary Computation (Online);A1
1530-9312;Computational Linguistics - Association For Computational Linguistics (Online);A1
1530-9827;Journal of Computing and Information Science in Engineering;B2
1531-3263;Presence (Cambridge, Mass. : Online);B2
1531-5169;Computer Music Journal (Online);B2
1532-0464;Journal of Biomedical Informatics;A2
1532-060X;Journal of Software Maintenance and Evolution;B2
1532-0618;Journal of Software Maintenance and Evolution;B2
1532-0626;Concurrency and Computation. Practice & Experience;B2
1532-2882;Journal of the American Society for Information Science and Technology;A1
1532-2890;Journal of The American Society For Information Science and Technology (Online);A1
1532-4435;Journal of Machine Learning Research;A1
1532-5008;Electric Power Components and Systems;B3
1532-7051;Human-Computer Interaction (Online);A2
1532-7590;International Journal of Human-Computer Interaction (Online);B1
1532-7744;Journal of Organizational Computing and Electronic Commerce (Online);B2
1533-7146;Quantum Information & Computation;A1
1533-7928;Journal of Machine Learning Research (Online);A1
1533-8010;Journal of Database Management (Online);B2
1535-3907;Journal of Proteome Research (Online);B2
1536-1241;IEEE Transactions on Nanobioscience;A2
1536-1268;IEEE Pervasive Computing;A2
1536-1276;IEEE Transactions on Wireless Communications;A1
1536-1284;IEEE Wireless Communications;A1
1536-2310;Journal of Integrative Biology / Omics (Larchmont);B2
1537-2456;International Journal on E-Learning;B1
1537-6443;Refractories Applications and News;C
1538-7305;Bell Labs Technical Journal (Online);B1
1538-7887;Journal of Statistical Theory and Applications;B5
1538-9774;Computers, Informatics, Nursing (Online);B1
1539-2791;Neuroinformatics (Totowa);A1
1539-3100;International Journal of Distance Education Technologies;B3
1539-3755;Physical Review. E, Statistical, Nonlinear, and Soft Matter Physics (Print);B1
1539-9087;ACM Transactions on Embedded Computing Systems;B1
1540-7993;IEEE Security & Privacy;B1
1540-9589;Journal of Web Engineering;B3
1541-1672;IEEE Intelligent Systems;A1
1541-4922;IEEE Distributed Systems Online;B1
1542-3980;Journal of Multiple-Valued Logic and Soft Computing;B3
1542-7951;Internet Mathematics (Print);B1
1544-3558;ACM Transactions on Applied Perception;B2
1544-3574;Computers in Entertainment;B3
1545-5963;IEEE/ACM Transactions on Computational Biology and Bioinformatics;A2
1545-5971;IEEE Transactions on Dependable and Secure Computing;B1
1545-598X;IEEE Geoscience and Remote Sensing Letters (Print);B1
1546-1998;Journal of Low Power Electronics (Print);B2
1546-4261;Computer Animation and Virtual Worlds (print);B1
1548-0992;Revista IEEE AmÇrica Latina;B5
1548-1131;International Journal of e-Business Research;B3
1548-3657;International Journal of Intelligent Information Technologies;B4
1548-3886;International Journal of Electronic Government Research;B3
1548-3924;International Journal of Data Warehousing and Mining;B3
1548-7660;Journal of statistical software;A1
1548-7709;Journal of Communication and Computer;B5
1549-3636;Journal of Computer Sciences;B3
1549-5418;Photomedicine and Laser Surgery;B2
1549-6325;ACM Transactions on Algorithms;B1
1549-8328;IEEE Transactions on Circuits and Systems. I, Regular Papers (Print);A2
1549-960X;Journal of Chemical Information and Modeling (Online);B1
1550-1477;International Journal of Distributed Sensor Networks (Online);B3
1550-1876;International Journal of Information and Communication Technology Education;B3
1550-4883;ACM Transactions on Speech and Language Processing (Online);B5
1550-8382;Annual Review of Information Science and Technology (Online);B1
1551-3203;IEEE Transactions on Industrial Informatics;A2
1551-6857;ACM Transactions on Multimedia Computing Communications and Applications;A2
1552-3098;IEEE Transactions on Robotics;A1
1553-779X;International Journal of Emerging Electric Power Systems;B5
1553-877X;IEEE Communications Surveys and Tutorials;A1
1554-1010;Journal of Information Assurance and Security;B3
1554-1045;International Journal of Information Technology and Web Engineering;B4
1555-3396;International Journal of Healthcare Information Systems and Informatics;B4
1556-4665;ACM Transactions on Autonomous and Adaptive Systems;B1
1556-4959;Journal of Field Robotics;A1
1556-6056;IEEE Computer Architecture Letters;B4
1558-0814;Computer (Long Beach, Calif. Online);A2
1558-7908;IEEE Multidisciplinary Engineering Education Magazine;B4
1558-8424;Journal of Applied Meteorology and Climatology;B2
1558-884X;Journal of Pattern Recognition Research;B4
1559-1131;ACM Transactions on the Web;A2
1559-128X;Applied Optics;B3
1560-4292;International Journal of Artificial Intelligence in Education (Print);B1
1560-604X;Thermology International;C
1566-2535;Information Fusion (Print);B1
1567-4223;Electronic Commerce Research and Applications;A2
1567-8326;Journal of Logic and Algebraic Programming;B1
1568-4946;Applied Soft Computing (Print);A2
1569-190X;Simulation Modelling Practice and Theory;B2
1569-8025;Journal of Computational Electronics (Print);B3
1570-0844;Semantic Web: interoperability, usability, applicability;B4
1570-1255;Information Polity;B2
1570-5838;Applied Ontology;B2
1570-5870;Cellular Oncology;
1570-7873;Journal of Grid Computing;B1
1570-8268;Journal of Web Semantics;A1
1570-8667;Journal of Discrete Algorithms (Print);B3
1570-8683;Journal of Applied Logic;B3
1570-8705;Ad Hoc Networks;B1
1571-0645;Physics of Life Reviews (Print);B1
1571-0653;Electronic Notes in Discrete Mathematics;B3
1571-0661;Electronic Notes in Theoretical Computer Science;B1
1572-3127;Statistical Methodology;B4
1572-5286;Discrete Optimization;B1
1572-8080;Design Automation For Embedded Systems (Dordrecht. Online);B2
1572-8102;Formal Methods in System Design (Dordrecht. Online);A2
1572-8145;Journal of Intelligent Manufacturing (Dordrecht. Online);B1
1572-8153;Mobile networks and applications (Dordrecht. Online);A2
1572-8196;Wireless networks (Dordrecht. Online);A1
1572-8412;Computers and The Humanities (Dordrecht. Online);A2
1572-8641;Minds and machines (Dordrecht. Online);B3
1572-9125;BIT Numerical Mathematics (Dordrecht. Online);B1
1572-9338;Annals of Operations Research (Dordrecht. Online);A2
1572-9354;Constraints (Dordrecht. Online);B1
1572-9397;Journal of Heuristics (Dordrecht. Online);A2
1572-9419;Information Systems Frontiers (Dordrecht. Online);B1
1572-9443;Queueing systems (Dordrecht. Online);B1
1572-9451;Telecommunication systems (Dordrecht. Online);B1
1573-0409;Journal of Intelligent & Robotic Systems (Dordrecht. Online);B1
1573-0484;The Journal of Supercomputing (Dordrecht. Online);B2
1573-0565;Machine Learning (Dordrecht. Online);A1
1573-0670;Journal of Automated Reasoning (Dordrecht. Online);B1
1573-0727;Journal of Electronic Testing (Dordrecht. Online);B2
1573-0824;Multidimensional systems and signal processing (Dordrecht. Online);B2
1573-0964;Synthese (Dordrecht - Online);B2
1573-1324;Open systems & information dynamics (Dordrecht. Online);
1573-1367;Software quality journal (Dordrecht. Online);B2
1573-1375;Statistics and computing (Dordrecht. Online);B1
1573-1383;Real-time systems (Dordrecht. Online);B1
1573-1391;User modeling and user-adapted interaction (Dordrecht. Online);B1
1573-1979;Analog Integrated Circuits and Signal Processing (Dordrecht. Online);B1
1573-2878;Journal of Optimization Theory and Applications (Dordrecht. Online);A2
1573-2886;Journal of Combinatorial Optimization (Dordrecht. Online);B1
1573-2894;Computational Optimization and Applications (Dordrecht. Online);A2
1573-2916;Journal of Global Optimization (Dordrecht. Online);A2
1573-4277;Optical Switching and Networking (Print);B1
1573-4951;Journal of Computer-Aided Molecular Design (Dordrecht. Online);A1
1573-7454;Autonomous Agents and Multi-Agent Systems (Dordrecht. Online);A2
1573-7462;Artificial Intelligence Review (Dordrecht. Online);B1
1573-7470;Annals of Mathematics and Artificial Intelligence (Dordrecht. Online);B1
1573-7489;Annals of Software Engineering (Dordrecht. Online);A2
1573-7497;Applied Intelligence (Dordrecht. Online);B1
1573-7527;Autonomous Robots (Dordrecht. Online);A1
1573-756X;Data Mining and Knowledge Discovery (Dordrecht. Online);A2
1573-7578;Distributed and Parallel Databases (Dordrecht. Online);B1
1573-7586;Designs, Codes And Cryptography (Dordrecht. Online);B1
1573-7616;Empirical Software Engineering (Dordrecht. Online);A2
1573-7624;Geoinformatica (Dordrecht. Online);B1
1573-7659;Information Retrieval (Dordrecht. Online);B1
1573-7675;Journal of Intelligent Information Systems (Dordrecht. Online);B1
1573-7683;Journal of Mathematical Imaging and Vision (Dordrecht. Online);B1
1573-773X;Neural processing letters (Dordrecht. Online);B1
1574-020X;Language Resources and Evaluation;B3
1574-9541;Ecological Informatics (Print);B1
1577-3760;Textos de la Cibersociedad;C
1577-5097;ELCVIA. Electronic letters on computer vision and image analysis;B3
1578-4223;DeSignis (Barcelona);C
1588-2861;Scientometrics (Online);A2
1600-4469;Dental Traumatology (Print);B2
1608-3261;Programming and computer software (Online);B3
1610-2940;Journal of Molecular Modeling;B2
1611-020X;QSAR & Combinatorial Science (Print);A2
1613-9658;Computational Statistics (Zeitschrift. Internet);B2
1614-5046;Innovations in Systems and Software Engineering (Print);B3
1614-5054;Innovations in Systems and Software Engineering (Internet);B3
1615-147X;Structural and Multidisciplinary Optimization (Print);A2
1615-1488;Structural and multidisciplinary optimization (Internet);A2
1615-3383;Foundations of Computational Mathematics (Internet);B2
1615-3871;Advances in Soft Computing;B4
1615-5262;International Journal of Information Security (Print);B1
1615-5289;Universal Access in the Information Society (Print);B1
1615-7591;Bioprocess and Biosystems Engineering (Print);B2
1617-4909;Personal and Ubiquitous Computing;B1
1618-2510;Statistical Methods & Applications;B4
1618-727X;Journal of Digital Imaging (Internet);B1
1619-1366;Software and Systems Modeling (Print);B1
1619-697X;Computational Management Science (Print);B2
1645-6726;Revstat Statistical Journal;B3
1645-7641;IADIS International Journal on WWWInternet;B5
1646-5237;Laboreal (Porto. Online);C
1646-9895;Revista IbÇrica de Sistemas e Tecnologias de Informaá∆o;C
1647-0818;Linguam†tica (Braga);B5
1648-5831;Informatics in Education;B3
1657-2831;Revista Colombiana de Computacion;C
1660-1769;Journal of Object Technology;B2
1661-8297;Logica Universalis (Print);B3
1666-6038;Journal of Computer Science and Technology (La Plata. En l°nea);B2
1666-6070;Mec†nica Computacional;C
1673-565X;Journal of Zhejiang University. Science A (Print);C
1676-014X;Boletim da Sociedade Brasileira de Meteorologia;B5
1676-1901;Revista Produá∆o Online;C
1676-2592;ETD. Educaá∆o Tem†tica Digital;C
1676-2789;Learning and Nonlinear Models;B5
1676-5451;Semina. Ciàncias Exatas e Tecnol¢gicas (Impresso);C
1676-5648;RAE Eletrìnica (Online);B5
1676-5680;Genetics and Molecular Research;B2
1677-0323;FLF.EDU;C
1677-1966;TEMA. Tendàncias em Matem†tica Aplicada e Computacional;B4
1677-3071;RESI : Revista Eletrìnica de Sistemas de Informaá∆o;B4
1677-4043;Raz∆o e FÇ;C
1677-9037;Extens∆o e Cultura (UFG);C
1677-9185;SQL magazine;C
1678-1805;Revista da ABRALIN;C
1678-3824;T&C Amazìnia;C
1678-4804;Journal of The Brazilian Computer Society (Online);B2
1678-5878;Journal of the Brazilian Society of Mechanical Sciences and Engineering (Impresso);C
1678-8435;Revista de Engenharia de Computaá∆o e Sistemas Digitais (Impresso);B5
1678-9172;Revista da FA7;C
1679-0731;Revista Brasileira de Finanáas;B5
1679-1916;RENOTE. Revista Novas Tecnologias na Educaá∆o;B5
1679-236X;Gest∆o (Curitiba);C
1679-7817;Latin American Journal of Solids and Structures (Impresso);B4
1679-8171;Brazilian Journal of Operations and Production Management;C
1680-743X;Journal of Data Science (Print);B5
1687-0433;EURASIP Journal on Applied Signal Processing (Internet) (Cessou em 2006. Cont. 1687-6180 EURASIP Jou;
1687-1472;EURASIP Journal on Wireless Communications and Networking;B1
1687-3963;Eurasip Journal on Embedded Systems;B4
1687-4153;EURASIP Journal on Bioinformatics and Systems Biology (Online);B3
1687-6172;EURASIP Journal on Advances in Signal Processing (Print);B1
1687-6180;EURASIP Journal on Advances in Signal Processing (Online);B1
1687-7047;International Journal of Computer Games Technology;B4
1687-8655;Advances in Software Engineering (Print);B4
1725-0463;International Journal of Spatial Data Infrastructures Research;B4
1726-5479;Sensors & Transducers;C
1727-5997;The IEEE Intelligent Informatics Bulletin;B5
1735-5702;Journal of Industrial Engineering International;C
1738-6438;GESTS International Transactions on Computer Science and Engineering;B5
1738-7906;International Journal of Computer Science and Network Security;B5
1738-995X;International Journal of Broadband Wireless Communications;B5
1740-0562;International Journal of High Performance Computing and Networking (Print);B3
1740-4460;Journal of Embedded Computing;B3
1741-1009;International Journal of Knowledge and Learning (Print);B2
1741-1106;International Journal of Web and Grid Services (Print);B1
1741-1114;International Journal of Web and Grid Services (Online);B1
1741-5055;International Journal of Continuing Engineering Education and Life-Long Learning (Online);B5
1741-539X;International Journal of Services Operations and Informatics (Print);B4
1741-8003;International Journal of Advanced Media and Communication (Online);B4
1741-8763;International Journal of Business Process Integration and Management (Print);B4
1741-8771;International Journal of Business Process Integration and Management (Online);B4
1742-4712;International Journal for Infonomics (IJI) (Online);B5
1742-5468;Journal of Statistical Mechanics. Theory and Experiment;B2
1742-6596;Journal of Physics. Conference Series (Online);B2
1743-5110;International Journal of Product Lifecycle Management (Print);C
1743-8187;International Journal of Business Intelligence and Data Mining;B3
1743-9132;International Journal of Managerial Finance;C
1744-0084;International Journal of Web Information Systems (Print);B3
1744-2621;International Journal of Metadata, Semantics and Ontologies (Print);B3
1744-5485;International Journal of Bioinformatics Research and Applications (Print);B3
1744-5493;International Journal of Bioinformatics Research and Applications (Online);B3
1744-5760;International Journal of Parallel, Emergent and Distributed Systems (Print);B2
1745-1345;IEICE Transactions on Communications (Online);B3
1745-7645;International Journal of Operational Research (Print);B3
1746-1375;International Journal of Agent-Oriented Software Engineering (Print);B3
1747-0277;Chemical Biology & Drug Design (Print);B2
1747-8405;International Journal of Security and Networks (Print);B2
1748-0671;International Journal of System of Systems Engineering (Print);B4
1748-5673;International Journal of Data Mining and Bioinformatics;B2
1748-7188;Algorithms for Molecular Biology;A1
1749-9151;International Journal of Teaching and Case Studies;B5
1751-1461;International Transactions on Systems Science and Applications (Print);B4
1751-1577;Journal of Informatrics;B2
1751-648X;International Journal of Innovative Computing and Applications (Print);B5
1751-6498;International Journal of Innovative Computing and Applications (Online);B5
1751-6528;International Journal of High Performance Systems Architecture (Print);B2
1751-7575;Enterprise Information Systems (Print);B2
1751-8113;Journal of Physics. A, Mathematical and Theoretical (Print);B2
1751-858X;IET Circuits, Devices & Systems (Print);B3
1751-8601;IET Computers & Digital Techniques (Print);B1
1751-861X;IET Computers & Digital Techniques (Online);B1
1751-8628;IET Communications (Print);B1
1751-8660;IET Electric Power Applications (Print);B2
1751-8687;IET Generation, Transmission & Distribution (Print);B2
1751-8806;IET Software (Print);B1
1751-8814;IET Software (Online);B1
1752-0509;BMC Systems Biology;B2
1752-6124;International Journal of Social and Humanistic Computing (Print);B4
1752-8887;Journal of Risk Management in Financial Institutions (Print);C
1753-5212;International Journal of Digital Culture and Electronic Tourism (Print);B5
1753-8165;Informatics for Health and Social Care (Online);B3
1754-3916;International Journal of Communication Networks and Distributed Systems (Print);B4
1754-3924;International Journal of Communication Networks and Distributed Systems;B4
1754-8632;International Journal of Autonomous and Adaptive Communications Systems (Print);B4
1755-0556;International Journal of Reasoning-Based Intelligent Systems (Print);B4
1755-2087;International Journal of Knowledge Engineering and Data Mining;B5
1755-8794;BMC Medical Genomics;B1
1756-0764;International Journal of Computational Biology and Drug Design (Online);B5
1756-2104;International Journal of Functional Informatics and Personalised Medicine (Print);B4
1756-2112;International Journal of Functional Informatics and Personalised Medicine (Online);B4
1756-378X;International Journal of Intelligent Computing and Cybernetics (Print);B5
1758-0366;International Journal of Bio-Inspired Computation (Print);B2
1758-0374;International Journal of Bio-Inspired Computation (Online);B2
1791-177X;Journal of Internet Engineering;B5
1793-351X;International Journal of Semantic Computing;B4
1793-7191;Open Systems and Information Dynamics;B3
1796-203X;Journal of Computers;B4
1796-2048;Journal of Multimedia;B4
1796-2056;Journal of Networks;B4
1796-217X;Journal of Software;B4
1798-0461;Journal of Emerging Technologies in Web Intelligence;B4
1806-8324;Brazilian Oral Research (Impresso);C
1806-910X;Revista Direito Empresarial (Curitiba);C
1806-9290;Revista Brasileira de Zootecnia (Online);C
1806-9312;Revista Brasileira de Otorrinolaringologia (Online);B2
1807-0302;Computational & Applied Mathematics;B4
1807-0345;Controle & Automaá∆o;B5
0103-1759;Controle & Automaá∆o (Impresso);B5
1807-1147;RPA Brasil (Maring†);C
1807-1600;Holos (Natal. Online);C
1807-1775;Revista de Gest∆o da Tecnologia e Sistemas de Informaá∆o (Online);C
1807-1953;Journal of Integrated Circuits and Systems;B5
1807-3883;Dois Pontos (UFPR);C
1807-4545;INFOCOMP (UFLA. Impresso);C
1807-5061;ProQuality (UFLA);C
1807-8281;Revista Eletrìnica Informaá∆o e Cogniá∆o;C
1807-8575;Espaáo Energia;C
1807-8656;Acta Scientiarum. Human and Social Sciences;C
1807-8664;Acta Scientiarum. Technology (Online);B5
1807-8893;Em Quest∆o (UFRGS. Impresso);C
1808-0448;Revista Gest∆o Industrial;C
1808-0715;Fonte (Belo Horizonte);C
1808-2793;Scientia Plena;C
1808-3064;Horizonte Cient°fico (UberlÉndia);C
1808-3331;Journal of the Brazilian Air Transportation Research Society;B5
1808-3536;Liinc em Revista;C
1808-4400;Jornalistas da Web;C
1808-5792;Gest∆o & Regionalidade;C
1808-7647;RCA. Revista de Controle e Administraá∆o;C
1809-1946;Cadernos CPQD Tecnologia;C
1809-2640;Revista de Gest∆o da Tecnologia e Sistemas de Informaá∆o (Impresso);C
1809-3957;Revista SODEBRAS;C
1809-4015;Chronos (UNIRIO);C
1809-5577;Bio Farma;C
1809-5585;Revista de Inform†tica Aplicada;C
1809-936X;Faz. Ciància & Tecnologia;C
1809-9807;The International Journal of Forensic Computer Science (Impresso);B5
1815-2406;Communications in Computational Physics (Print);A2
1818-2259;SPIE Newsroom;C
1819-4575;Tecnolog°a & Desarrollo (Trujillo);C
1826-9885;Il Nuovo Cimento della SocietÖ Italiana di Fisica. C. Geophysics and Space Physics (Online);B2
1841-9836;International Journal of Computers, Communications & Control (Print);B3
1845-6421;JCOMSS - Journal of Communications Software and Systems;B5
1852-4249;Papers in Physics;C
1861-2032;Journal on Data Semantics (Print);B3
1861-4280;International Reports on Socio-Informatics;B5
1861-6410;International Journal of Computer Assisted Radiology and Surgery (Print);B2
1862-4472;Optimization Letters;B1
1863-0383;International Journal: Emerging Technologies in Learning;B5
1863-2122;Electronic Communications of the EASST;B2
1864-3027;Transactions on Aspect-Oriented Software Development (Print);B5
1864-5909;Evolutionary Intelligence (Print);B4
1865-0473;Earth Science Informatics (Print);B3
1865-0481;Earth Science Informatics (Internet);B3
1865-0929;Communications in Computer and Information Science (Print);B4
1865-2034;Computer Science (Berlin. Print);B4
1865-7923;International Journal of Interactive Mobile Technologies;B5
1866-4733;Transactions on Computational Science (Print);B5
1866-9956;Cognitive Computation (Print);B4
1867-0202;Business & Information Systems Engineering;B2
1867-2949;Mathematical Programming Computation;B3
1867-4828;Journal of Internet Services and Applications;B4
1868-6478;Evolving Systems;B5
1869-6015;Transactions on Pattern Languages of Programming;B5
1870-350X;Psicolog°a para AmÇrica Latina;C
1870-4115;Revista Pueblos y Frontera Digital;C
1872-4981;Intelligent Decision Technologies;B4
1872-7522;Integration (Amsterdam. Online);B2
1873-4731;International Journal of Approximate Reasoning (Online);A2
1874-3919;Journal of Proteomics (Print);B2
1875-8975;Journal of Visualization (Online);B3
1876-1100;Lecture Notes in Electrical Engineering (Print);C
1877-0509;Procedia Computer Science;C
1879-1433;Simulation practice and theory (Online);B3
1879-2685;Computer Aided Design (Online);B4
1881-4581;Journal of Ehealth Technology and Application;B5
1890-1328;Modeling, Identification and Control (Online): a Norwegian research bulletin;C
1895-1767;Scalable Computing. Practice and Experience;B5
1895-8648;International Journal of Information Technology and Intelligent Computing;B5
1909-0056;Avances en Sistemas e Informatica;C
1916-2790;Botany (Ottawa. Print);B3
1918-3909;International Journal of Computational Bioscience;B5
1930-5346;Advances in Mathematics of Communications;B4
1931-6690;Bayesian analysis (Online);B2
1932-1864;Statistical Analysis and Data Mining;B4
1932-1872;Statistical Analysis and Data Mining (Online);B4
1932-4537;IEEE eTransactions on Network and Service Management;B4
1932-4553;IEEE Journal of Selected Topics in Signal Processing;A1
1932-6203;Plos One;A1
1932-8540;IEEE-RITA;B4
1933-1711;Journal of the American Society of Hypertension;B2
1934-3396;Current Protocols in Bioinformatics;B5
1934-4554;Financial Markets and Portfolio Management;C
1936-6442;Peer-to-Peer Networking and Applications (Print);B4
1937-9412;International Journal of Mobile Computing and Multimedia Communications;B5
1939-1382;IEEE Transactions on Learning Technologies;B5
1939-8018;Journal of Signal Processing Systems for Signal, Image, and Video Technology;B1
1939-8115;Journal of Signal Processing Systems for Signal, Image, and Video Technology (Online);B1
1940-6207;Cancer Prevention Research (Philadelphia);B1
1942-2628;International Journal on Advances in Softw;B5
1943-0620;Journal of Optical Communications and Networking (Print);B1
1943-7978;Journal of Education, Informatics and Cybernetics;B5
1946-3111;Transportation, Theory and Application;C
1946-7729;SIGSPATIAL Special;B5
1947-3176;International Journal of Embedded and Real-Time Communication Systems;B5
1947-4822;Communications of Global Information Technology;B5
1947-5500;International Journal of Computer Science and Information Security;B5
1947-8186;International Journal of Information System Modeling and Design;B4
1947-9158;International Journal of Handheld Computing Research;B5
1947-928X;International Journal of Natural Computing Research;B5
1965-0906;Revue TAL;C
1972-5787;Journal of Formalized Reasoning;B4
1975-9320;Journal of Convergence Information Technology (Gyeongju);B4
1976-4677;Journal of Computing Science and Engineering (Seoul);B4
1976-913X;Journal of Information Processing Systems;B4
1980-2145;Science of Computing;B5
1981-2841;Disciplinarum Scientia. SÇrie Ciàncias Naturais e Tecnol¢gicas;C
1981-6278;RECIIS. Revista Eletrìnica de Comunicaá∆o, Informaá∆o & Inovaá∆o em Sa£de (Ediá∆o em Portuguàs. Onli;C
1981-6286;RECIIS. Electronic Journal of Communication Information and Innovation in Health (English edition. O;C
1981-6766;PontodeAcesso (UFBA);C
1981-6790;Locus Cient°fico (Impresso);C
1981-6804;Locus Cient°fico (ANPROTEC. Online);C
1981-8238;Anais do ... Seminfo;C
1981-9803;P&D: Revista Pesquisa e Desenvolvimento da Aneel;C
1982-176X;Conex‰es : Ciància e Tecnologia;C
1982-2537;Revista da Micro e Pequena Empresa (FACCAMP);C
1982-5498;Igap¢ (CEFET-AM);C
1982-6036;International Journal of Modeling and Simulation for the Petroleum Industry (Impresso);B5
1982-9485;Ensaios Cient°ficos;C
1982176-X;Revista Conex‰es - Ciància e Tecnologia;
1983-0122;Justribut†rio (Fortaleza);C
1983-0823;Revista Brasileira de Biometria;B5
1983-1277;Engenharia de Software Magazine;B5
1983-2664;Revista Educaonline;C
1983-3997;Revista Cient°fica Tecnologus;C
1983-4217;Revista Brasileira de Redes de Computadores e Sistemas Distribu°dos;B4
1983-5604;Sistemas de Informaá∆o (MacaÇ);B5
1983-5930;Culturas Midi†ticas;C
1983-5965;Carta Fundamental;C
1983-6511;H°fen (Uruguaiana. Online);C
1983-8409;Journal of Computational Interdisciplinary Sciences;B5
1983127-7;Engenharia de Software Magazine;
1984-154X;Ciància em Tela;C
1984-2902;iSys: Revista Brasileira de Sistemas de Informaá∆o;B3
1984-6193;Revista Ingepro : Inovaá∆o, Gest∆o e Produá∆o;C
1984-7866;Regrad. Revista Eletrìnica de Graduaá∆o do Univem;C
1984-9508;Revista Multidisciplinar FAP Episteme (Impresso);C
1984-9648;Journal of Aerospace Technology and Management (Impresso);B5
1991-8755;WSEAS Transactions on Computer Research;C
1994-4608;Ubiquitous Computing and Communication Journal (Print);C
2005-4246;International Journal of U- and E-Service, Science and Technology;B5
2070-0733;Advances in Applied Mathematics and Mechanics;B4
2073-7904;Knowledge Management & E-Learning: An International Journal;B5
2075-2180;Electronic Proceedings in Theoretical Computer Science;B5
2092-8637;Journal of Next Generation Information Technology;B5
2150-7988;International Journal of Computer Information Systems and Industrial Management Applications;B5
2150-8097;Proceedings of the VLDB Endowment;A1
2153-2184;ACM Inroads;B4
2172-038X;Renewable Energy and Power Quality Journal;C
2175-0858;Revista Brasileira de Qualidade de Vida;C
2175-2745;Revista de Inform†tica Te¢rica e Aplicada: RITA;B4
2175-4411;Journal of Health Informatics;B5
2176-3275;Revista Brasileira de Hist¢ria da Ciància;C
2176-4859;Pref†cio Online;C
2176-6649;Revista Brasileira de Computaá∆o Aplicada;B5
2176-7998;ReCeT: Revista de Computaá∆o e Tecnologia da PUC-SP;C
2177-8671;Fio da Aá∆o;C
2178-0277;Revista do Programa Brasileiro da Qualidade e Produtividade em Software;B5
2178-6119;Interval Mathematics and Connections in Teaching and Scientific Development;B5
2178-7107;Journal of Information and Data Management - JIDM;B3
2178-7638;RACEF - Revista de Administraá∆o, Contabilidade e Economia da FUNDACE;C
2178-8324;Seguranáa, Justiáa e Cidadania: Pesquisas Aplicadas em Seguranáa P£blica;C
2210-5433;Philosophy & Technology;B5
2211-3428;Cellular Oncology;B2
